pt_id,treatment,mu_Bevacizumab,tau_Aflibercept,tau_Ranibizumab
1,Bevacizumab,3.2948,1.0,1.0
2,Ranibizumab,7.4107,8.0,3.5
3,Ranibizumab,8.5955,8.0,3.5
4,Bevacizumab,4.6669,1.0,1.0
5,Aflibercept,3.0515,1.0,1.0
6,Bevacizumab,5.9559,1.0,1.0
7,Aflibercept,3.7383,1.0,1.0
8,Aflibercept,8.0545,8.0,3.5
9,Ranibizumab,5.9129,1.0,1.0
10,Bevacizumab,12.2407,8.0,3.5
11,Bevacizumab,11.1556,8.0,3.5
12,Bevacizumab,6.4651,8.0,3.5
13,Bevacizumab,8.3961,8.0,3.5
14,Ranibizumab,7.5135,1.0,1.0
15,Aflibercept,13.1268,8.0,3.5
16,Aflibercept,9.145,1.0,1.0
17,Bevacizumab,15.1159,8.0,3.5
18,Aflibercept,10.3401,8.0,3.5
19,Ranibizumab,5.9389,1.0,1.0
20,Ranibizumab,3.2804,1.0,1.0
21,Ranibizumab,4.5104,1.0,1.0
22,Ranibizumab,6.3962,1.0,1.0
23,Aflibercept,12.3658,8.0,3.5
24,Aflibercept,3.981,1.0,1.0
25,Bevacizumab,7.1974,1.0,1.0
26,Aflibercept,13.5001,8.0,3.5
27,Aflibercept,5.9988,1.0,1.0
28,Bevacizumab,13.953,8.0,3.5
29,Aflibercept,11.0138,8.0,3.5
30,Aflibercept,5.3693,1.0,1.0
31,Ranibizumab,4.497,1.0,1.0
32,Bevacizumab,10.1111,8.0,3.5
33,Ranibizumab,6.6104,1.0,1.0
34,Bevacizumab,10.9123,8.0,3.5
35,Bevacizumab,14.2968,8.0,3.5
36,Bevacizumab,8.11,8.0,3.5
37,Aflibercept,5.5951,1.0,1.0
38,Bevacizumab,5.2544,1.0,1.0
39,Aflibercept,6.0404,1.0,1.0
40,Aflibercept,7.425,8.0,3.5
41,Aflibercept,8.2521,8.0,3.5
42,Ranibizumab,8.9997,1.0,1.0
43,Ranibizumab,10.9991,8.0,3.5
44,Ranibizumab,2.6366,1.0,1.0
45,Ranibizumab,9.8433,8.0,3.5
46,Aflibercept,8.9961,8.0,3.5
47,Aflibercept,11.6684,8.0,3.5
48,Bevacizumab,9.4427,8.0,3.5
49,Aflibercept,10.2015,1.0,1.0
50,Aflibercept,7.6275,1.0,1.0
51,Ranibizumab,11.8119,8.0,3.5
52,Aflibercept,4.9946,1.0,1.0
53,Bevacizumab,11.2503,8.0,3.5
54,Ranibizumab,7.0986,1.0,1.0
55,Aflibercept,10.7433,8.0,3.5
56,Aflibercept,9.5098,8.0,3.5
57,Ranibizumab,5.3246,1.0,1.0
58,Aflibercept,7.4103,8.0,3.5
59,Bevacizumab,6.724,8.0,3.5
60,Aflibercept,7.214,1.0,1.0
61,Ranibizumab,10.2113,8.0,3.5
62,Ranibizumab,4.1818,1.0,1.0
63,Aflibercept,10.8618,1.0,1.0
64,Aflibercept,3.3359,1.0,1.0
65,Bevacizumab,11.9983,8.0,3.5
66,Aflibercept,14.038,8.0,3.5
67,Bevacizumab,6.6676,1.0,1.0
68,Bevacizumab,11.3688,8.0,3.5
69,Aflibercept,9.7414,8.0,3.5
70,Aflibercept,7.1965,8.0,3.5
71,Aflibercept,5.7958,1.0,1.0
72,Ranibizumab,4.7679,1.0,1.0
73,Ranibizumab,6.4517,8.0,3.5
74,Aflibercept,6.6694,1.0,1.0
75,Aflibercept,5.8691,1.0,1.0
76,Aflibercept,7.8547,8.0,3.5
77,Aflibercept,7.0964,8.0,3.5
78,Aflibercept,18.6824,8.0,3.5
79,Ranibizumab,10.9566,8.0,3.5
80,Aflibercept,8.3281,1.0,1.0
81,Bevacizumab,12.9864,8.0,3.5
82,Ranibizumab,7.2122,1.0,1.0
83,Aflibercept,10.1,8.0,3.5
84,Ranibizumab,3.9819,1.0,1.0
85,Ranibizumab,8.7681,8.0,3.5
86,Ranibizumab,15.4995,8.0,3.5
87,Aflibercept,10.9991,8.0,3.5
88,Aflibercept,6.4521,8.0,3.5
89,Ranibizumab,2.8803,1.0,1.0
90,Aflibercept,13.2104,8.0,3.5
91,Aflibercept,6.6529,8.0,3.5
92,Aflibercept,11.2012,8.0,3.5
93,Bevacizumab,8.756,8.0,3.5
94,Aflibercept,3.7951,1.0,1.0
95,Ranibizumab,12.4803,8.0,3.5
96,Ranibizumab,5.9384,1.0,1.0
97,Aflibercept,5.2088,1.0,1.0
98,Aflibercept,4.8533,1.0,1.0
99,Ranibizumab,12.3998,8.0,3.5
100,Aflibercept,9.5661,8.0,3.5
101,Bevacizumab,10.4603,1.0,1.0
102,Aflibercept,3.6524,1.0,1.0
103,Bevacizumab,7.3083,8.0,3.5
104,Bevacizumab,8.473,1.0,1.0
105,Aflibercept,12.4427,8.0,3.5
106,Bevacizumab,5.439,1.0,1.0
107,Aflibercept,11.9688,8.0,3.5
108,Aflibercept,7.2694,1.0,1.0
109,Ranibizumab,4.7545,1.0,1.0
110,Ranibizumab,6.2228,8.0,3.5
111,Ranibizumab,6.707,8.0,3.5
112,Ranibizumab,3.6654,1.0,1.0
113,Bevacizumab,10.5015,8.0,3.5
114,Bevacizumab,9.4593,1.0,1.0
115,Ranibizumab,6.2822,1.0,1.0
116,Aflibercept,4.8381,1.0,1.0
117,Bevacizumab,12.1114,8.0,3.5
118,Aflibercept,8.4547,8.0,3.5
119,Ranibizumab,10.8265,8.0,3.5
120,Aflibercept,3.707,1.0,1.0
121,Bevacizumab,12.0784,1.0,1.0
122,Bevacizumab,17.7269,8.0,3.5
123,Aflibercept,8.1247,8.0,3.5
124,Bevacizumab,5.6523,1.0,1.0
125,Bevacizumab,17.4989,8.0,3.5
126,Bevacizumab,6.1548,1.0,1.0
127,Ranibizumab,5.883,1.0,1.0
128,Bevacizumab,9.3833,8.0,3.5
129,Aflibercept,6.4968,1.0,1.0
130,Aflibercept,6.6551,1.0,1.0
131,Bevacizumab,7.7411,1.0,1.0
132,Bevacizumab,14.9693,8.0,3.5
133,Bevacizumab,10.3258,8.0,3.5
134,Ranibizumab,13.4858,8.0,3.5
135,Bevacizumab,4.48,1.0,1.0
136,Bevacizumab,4.1241,1.0,1.0
137,Aflibercept,6.3252,1.0,1.0
138,Aflibercept,5.938,1.0,1.0
139,Bevacizumab,6.0529,1.0,1.0
140,Aflibercept,7.6289,1.0,1.0
141,Aflibercept,13.3396,8.0,3.5
142,Bevacizumab,5.722,8.0,3.5
143,Bevacizumab,9.9819,8.0,3.5
144,Bevacizumab,4.9401,1.0,1.0
145,Bevacizumab,4.5538,1.0,1.0
146,Bevacizumab,6.5983,1.0,1.0
147,Ranibizumab,10.6696,8.0,3.5
148,Aflibercept,6.0962,1.0,1.0
149,Bevacizumab,4.8806,1.0,1.0
150,Ranibizumab,6.9533,8.0,3.5
151,Aflibercept,6.0229,8.0,3.5
152,Bevacizumab,9.4959,8.0,3.5
153,Aflibercept,12.2272,8.0,3.5
154,Aflibercept,8.7551,8.0,3.5
155,Bevacizumab,7.5547,1.0,1.0
156,Ranibizumab,7.2672,8.0,3.5
157,Bevacizumab,10.7867,8.0,3.5
158,Aflibercept,7.0986,1.0,1.0
159,Ranibizumab,10.9539,8.0,3.5
160,Aflibercept,7.8265,1.0,1.0
161,Ranibizumab,6.6672,8.0,3.5
162,Aflibercept,6.4365,8.0,3.5
163,Aflibercept,6.753,8.0,3.5
164,Ranibizumab,14.3697,8.0,3.5
165,Bevacizumab,9.4687,8.0,3.5
166,Aflibercept,5.1962,1.0,1.0
167,Aflibercept,3.4669,1.0,1.0
168,Aflibercept,8.0076,8.0,3.5
169,Aflibercept,8.4573,1.0,1.0
170,Ranibizumab,5.0666,1.0,1.0
171,Bevacizumab,5.1676,1.0,1.0
172,Ranibizumab,6.6095,8.0,3.5
173,Bevacizumab,15.314,8.0,3.5
174,Bevacizumab,6.5706,1.0,1.0
175,Bevacizumab,4.7223,1.0,1.0
176,Aflibercept,12.128,8.0,3.5
177,Ranibizumab,8.8539,8.0,3.5
178,Ranibizumab,5.781,1.0,1.0
179,Bevacizumab,9.5536,8.0,3.5
180,Aflibercept,8.8807,8.0,3.5
181,Bevacizumab,2.5942,1.0,1.0
182,Aflibercept,13.5846,8.0,3.5
183,Aflibercept,5.0818,1.0,1.0
184,Aflibercept,7.9128,1.0,1.0
185,Bevacizumab,13.9258,8.0,3.5
186,Ranibizumab,7.7407,1.0,1.0
187,Aflibercept,3.7794,1.0,1.0
188,Aflibercept,6.1383,1.0,1.0
189,Bevacizumab,10.7693,8.0,3.5
190,Ranibizumab,8.6948,8.0,3.5
191,Bevacizumab,6.5545,1.0,1.0
192,Aflibercept,11.8803,8.0,3.5
193,Bevacizumab,6.0108,1.0,1.0
194,Ranibizumab,10.1013,1.0,1.0
195,Ranibizumab,5.7126,1.0,1.0
196,Ranibizumab,7.8511,8.0,3.5
197,Bevacizumab,7.6991,1.0,1.0
198,Ranibizumab,11.4734,8.0,3.5
199,Ranibizumab,13.3624,8.0,3.5
200,Aflibercept,5.5119,1.0,1.0
201,Ranibizumab,3.1512,1.0,1.0
202,Aflibercept,11.2123,8.0,3.5
203,Ranibizumab,8.515,1.0,1.0
204,Aflibercept,5.1967,1.0,1.0
205,Aflibercept,9.4991,8.0,3.5
206,Bevacizumab,3.0654,1.0,1.0
207,Bevacizumab,6.9122,1.0,1.0
208,Bevacizumab,3.436,1.0,1.0
209,Ranibizumab,11.7524,8.0,3.5
210,Ranibizumab,5.6384,1.0,1.0
211,Bevacizumab,12.1535,8.0,3.5
212,Ranibizumab,4.7804,1.0,1.0
213,Ranibizumab,7.1818,8.0,3.5
214,Aflibercept,14.583,8.0,3.5
215,Bevacizumab,5.5678,1.0,1.0
216,Bevacizumab,5.2401,1.0,1.0
217,Bevacizumab,7.7988,1.0,1.0
218,Ranibizumab,4.0244,1.0,1.0
219,Ranibizumab,9.2143,1.0,1.0
220,Aflibercept,5.1095,1.0,1.0
221,Ranibizumab,8.9733,1.0,1.0
222,Bevacizumab,11.4998,8.0,3.5
223,Ranibizumab,8.5678,8.0,3.5
224,Ranibizumab,8.2959,8.0,3.5
225,Bevacizumab,4.497,1.0,1.0
226,Bevacizumab,8.4122,8.0,3.5
227,Ranibizumab,6.2992,1.0,1.0
228,Aflibercept,14.9375,8.0,3.5
229,Bevacizumab,8.5123,8.0,3.5
230,Aflibercept,5.2222,8.0,3.5
231,Ranibizumab,9.939,8.0,3.5
232,Ranibizumab,10.0722,8.0,3.5
233,Ranibizumab,3.694,1.0,1.0
234,Ranibizumab,13.48,8.0,3.5
235,Bevacizumab,16.2113,8.0,3.5
236,Aflibercept,9.0292,1.0,1.0
237,Ranibizumab,7.4407,1.0,1.0
238,Ranibizumab,2.6505,1.0,1.0
239,Aflibercept,3.107,1.0,1.0
240,Aflibercept,4.6396,1.0,1.0
241,Ranibizumab,8.1372,8.0,3.5
242,Aflibercept,6.8545,1.0,1.0
243,Ranibizumab,6.9404,1.0,1.0
244,Ranibizumab,13.1384,8.0,3.5
245,Ranibizumab,11.1015,8.0,3.5
246,Aflibercept,9.2979,8.0,3.5
247,Ranibizumab,14.6858,8.0,3.5
248,Bevacizumab,11.4421,8.0,3.5
249,Aflibercept,10.5819,8.0,3.5
250,Bevacizumab,7.5247,8.0,3.5
251,Ranibizumab,4.1393,1.0,1.0
252,Aflibercept,8.9129,8.0,3.5
253,Aflibercept,6.6381,8.0,3.5
254,Bevacizumab,8.5588,1.0,1.0
255,Bevacizumab,6.2237,8.0,3.5
256,Ranibizumab,12.0113,8.0,3.5
257,Aflibercept,12.6395,8.0,3.5
258,Bevacizumab,3.939,1.0,1.0
259,Aflibercept,8.3599,1.0,1.0
260,Aflibercept,10.8533,8.0,3.5
261,Ranibizumab,8.0393,8.0,3.5
262,Bevacizumab,6.0815,1.0,1.0
263,Ranibizumab,16.0114,8.0,3.5
264,Bevacizumab,5.0111,1.0,1.0
265,Aflibercept,3.4664,1.0,1.0
266,Aflibercept,10.5243,8.0,3.5
267,Bevacizumab,6.6985,1.0,1.0
268,Aflibercept,16.3705,8.0,3.5
269,Ranibizumab,5.7828,1.0,1.0
270,Ranibizumab,17.4824,8.0,3.5
271,Ranibizumab,14.4958,8.0,3.5
272,Aflibercept,6.2818,1.0,1.0
273,Ranibizumab,3.0234,1.0,1.0
274,Bevacizumab,4.4652,1.0,1.0
275,Aflibercept,9.8809,8.0,3.5
276,Aflibercept,8.6992,1.0,1.0
277,Bevacizumab,3.9243,1.0,1.0
278,Ranibizumab,12.1244,8.0,3.5
279,Aflibercept,12.4535,8.0,3.5
280,Bevacizumab,16.243,8.0,3.5
281,Ranibizumab,12.9667,8.0,3.5
282,Ranibizumab,4.8971,1.0,1.0
283,Ranibizumab,6.5541,1.0,1.0
284,Ranibizumab,6.7544,1.0,1.0
285,Ranibizumab,4.9119,1.0,1.0
286,Ranibizumab,5.2258,1.0,1.0
287,Bevacizumab,9.6556,8.0,3.5
288,Bevacizumab,6.9113,1.0,1.0
289,Ranibizumab,15.2018,8.0,3.5
290,Aflibercept,5.1538,1.0,1.0
291,Aflibercept,15.1222,8.0,3.5
292,Bevacizumab,10.2837,8.0,3.5
293,Aflibercept,6.0408,1.0,1.0
294,Bevacizumab,17.4395,8.0,3.5
295,Ranibizumab,6.5965,1.0,1.0
296,Aflibercept,2.8222,1.0,1.0
297,Bevacizumab,4.7076,1.0,1.0
298,Ranibizumab,7.1295,1.0,1.0
299,Ranibizumab,9.124,8.0,3.5
300,Ranibizumab,8.456,1.0,1.0
301,Bevacizumab,6.88,8.0,3.5
302,Bevacizumab,8.638,8.0,3.5
303,Aflibercept,13.4129,8.0,3.5
304,Ranibizumab,13.9097,8.0,3.5
305,Aflibercept,9.212,8.0,3.5
306,Bevacizumab,6.3256,1.0,1.0
307,Bevacizumab,9.3104,8.0,3.5
308,Aflibercept,3.6672,1.0,1.0
309,Ranibizumab,6.3229,8.0,3.5
310,Bevacizumab,7.5144,1.0,1.0
311,Bevacizumab,9.7155,1.0,1.0
312,Bevacizumab,4.1523,1.0,1.0
313,Ranibizumab,7.0231,8.0,3.5
314,Aflibercept,7.6244,8.0,3.5
315,Bevacizumab,8.955,8.0,3.5
316,Ranibizumab,6.6967,1.0,1.0
317,Aflibercept,11.9125,8.0,3.5
318,Ranibizumab,4.425,1.0,1.0
319,Aflibercept,4.0249,1.0,1.0
320,Ranibizumab,10.5471,1.0,1.0
321,Bevacizumab,6.5532,1.0,1.0
322,Aflibercept,10.4152,8.0,3.5
323,Bevacizumab,18.4003,8.0,3.5
324,Bevacizumab,5.2548,1.0,1.0
325,Aflibercept,6.5939,8.0,3.5
326,Ranibizumab,6.0395,1.0,1.0
327,Bevacizumab,3.8675,1.0,1.0
328,Bevacizumab,7.2828,1.0,1.0
329,Aflibercept,6.466,8.0,3.5
330,Aflibercept,10.184,8.0,3.5
331,Ranibizumab,10.8989,8.0,3.5
332,Ranibizumab,10.9423,8.0,3.5
333,Ranibizumab,5.5249,1.0,1.0
334,Bevacizumab,2.2222,1.0,1.0
335,Aflibercept,15.5116,8.0,3.5
336,Aflibercept,11.3304,8.0,3.5
337,Bevacizumab,6.6967,1.0,1.0
338,Aflibercept,5.841,1.0,1.0
339,Aflibercept,9.0252,8.0,3.5
340,Aflibercept,8.0241,8.0,3.5
341,Bevacizumab,5.57,1.0,1.0
342,Bevacizumab,4.6968,1.0,1.0
343,Bevacizumab,7.7974,8.0,3.5
344,Bevacizumab,6.1253,1.0,1.0
345,Ranibizumab,4.7116,1.0,1.0
346,Bevacizumab,12.555,8.0,3.5
347,Aflibercept,10.3526,8.0,3.5
348,Bevacizumab,5.1377,1.0,1.0
349,Aflibercept,4.7393,1.0,1.0
350,Ranibizumab,9.8679,8.0,3.5
351,Aflibercept,10.0955,8.0,3.5
352,Ranibizumab,8.4542,8.0,3.5
353,Ranibizumab,5.6559,1.0,1.0
354,Ranibizumab,8.9429,1.0,1.0
355,Bevacizumab,11.4287,8.0,3.5
356,Bevacizumab,9.5661,8.0,3.5
357,Ranibizumab,3.1235,1.0,1.0
358,Ranibizumab,9.1959,8.0,3.5
359,Ranibizumab,10.9687,8.0,3.5
360,Ranibizumab,4.5252,1.0,1.0
361,Aflibercept,15.2103,8.0,3.5
362,Aflibercept,14.0393,8.0,3.5
363,Aflibercept,10.0262,8.0,3.5
364,Ranibizumab,15.7942,8.0,3.5
365,Bevacizumab,14.2611,8.0,3.5
366,Aflibercept,5.7828,1.0,1.0
367,Bevacizumab,6.8711,1.0,1.0
368,Ranibizumab,4.3816,1.0,1.0
369,Ranibizumab,5.9836,1.0,1.0
370,Bevacizumab,8.5396,8.0,3.5
371,Bevacizumab,4.9262,1.0,1.0
372,Ranibizumab,7.2104,8.0,3.5
373,Bevacizumab,9.6725,1.0,1.0
374,Bevacizumab,8.6787,8.0,3.5
375,Bevacizumab,9.9274,8.0,3.5
376,Bevacizumab,5.2682,1.0,1.0
377,Ranibizumab,3.5666,1.0,1.0
378,Bevacizumab,15.9739,8.0,3.5
379,Aflibercept,16.045,8.0,3.5
380,Ranibizumab,4.6074,1.0,1.0
381,Bevacizumab,6.8541,1.0,1.0
382,Bevacizumab,5.8982,1.0,1.0
383,Aflibercept,5.7547,1.0,1.0
384,Bevacizumab,9.2433,1.0,1.0
385,Aflibercept,8.8718,1.0,1.0
386,Bevacizumab,5.7828,1.0,1.0
387,Aflibercept,9.8894,1.0,1.0
388,Bevacizumab,6.6708,1.0,1.0
389,Bevacizumab,8.5678,8.0,3.5
390,Ranibizumab,10.4103,8.0,3.5
391,Aflibercept,15.8854,8.0,3.5
392,Aflibercept,9.2241,8.0,3.5
393,Ranibizumab,17.4386,8.0,3.5
394,Ranibizumab,4.1675,1.0,1.0
395,Aflibercept,8.3836,8.0,3.5
396,Aflibercept,6.6247,1.0,1.0
397,Ranibizumab,3.1942,1.0,1.0
398,Aflibercept,14.2857,8.0,3.5
399,Ranibizumab,3.9386,1.0,1.0
400,Bevacizumab,11.5879,8.0,3.5
401,Aflibercept,4.9401,1.0,1.0
402,Bevacizumab,18.9426,8.0,3.5
403,Aflibercept,8.8271,8.0,3.5
404,Ranibizumab,7.0861,1.0,1.0
405,Ranibizumab,11.3693,8.0,3.5
406,Ranibizumab,8.7976,8.0,3.5
407,Aflibercept,13.7554,8.0,3.5
408,Ranibizumab,9.5331,1.0,1.0
409,Ranibizumab,15.5822,8.0,3.5
410,Bevacizumab,11.5132,8.0,3.5
411,Aflibercept,6.6399,1.0,1.0
412,Aflibercept,12.8268,8.0,3.5
413,Bevacizumab,6.6538,1.0,1.0
414,Bevacizumab,4.8359,8.0,3.5
415,Ranibizumab,12.6104,8.0,3.5
416,Bevacizumab,7.3852,1.0,1.0
417,Bevacizumab,6.2094,8.0,3.5
418,Bevacizumab,9.9421,8.0,3.5
419,Aflibercept,7.1684,1.0,1.0
420,Ranibizumab,10.5824,8.0,3.5
421,Bevacizumab,14.0559,8.0,3.5
422,Bevacizumab,13.9553,8.0,3.5
423,Bevacizumab,5.4261,1.0,1.0
424,Aflibercept,14.0138,8.0,3.5
425,Ranibizumab,7.2547,1.0,1.0
426,Bevacizumab,3.7794,1.0,1.0
427,Aflibercept,4.0392,1.0,1.0
428,Bevacizumab,2.794,1.0,1.0
429,Ranibizumab,6.47,1.0,1.0
430,Bevacizumab,6.5849,1.0,1.0
431,Bevacizumab,10.5131,8.0,3.5
432,Aflibercept,11.8982,8.0,3.5
433,Ranibizumab,7.2703,1.0,1.0
434,Bevacizumab,9.3086,8.0,3.5
435,Aflibercept,10.9968,8.0,3.5
436,Bevacizumab,7.0083,8.0,3.5
437,Ranibizumab,3.7101,1.0,1.0
438,Bevacizumab,8.3156,1.0,1.0
439,Aflibercept,15.9569,8.0,3.5
440,Bevacizumab,13.6843,8.0,3.5
441,Ranibizumab,11.6952,8.0,3.5
442,Aflibercept,3.5952,1.0,1.0
443,Bevacizumab,5.0684,1.0,1.0
444,Ranibizumab,7.2855,1.0,1.0
445,Bevacizumab,10.2117,8.0,3.5
446,Aflibercept,2.6943,1.0,1.0
447,Aflibercept,10.6973,8.0,3.5
448,Ranibizumab,3.2362,1.0,1.0
449,Bevacizumab,12.7275,8.0,3.5
450,Ranibizumab,8.1386,8.0,3.5
451,Aflibercept,7.1943,8.0,3.5
452,Ranibizumab,10.0562,8.0,3.5
453,Ranibizumab,13.8126,8.0,3.5
454,Bevacizumab,5.7976,1.0,1.0
455,Ranibizumab,12.3028,8.0,3.5
456,Aflibercept,5.1837,1.0,1.0
457,Aflibercept,4.3101,1.0,1.0
458,Aflibercept,7.9834,8.0,3.5
459,Aflibercept,4.0959,1.0,1.0
460,Aflibercept,9.986,8.0,3.5
461,Ranibizumab,6.1691,1.0,1.0
462,Aflibercept,10.2265,8.0,3.5
463,Bevacizumab,3.4374,1.0,1.0
464,Bevacizumab,11.4824,8.0,3.5
465,Aflibercept,4.1107,1.0,1.0
466,Bevacizumab,3.2666,1.0,1.0
467,Ranibizumab,3.8818,1.0,1.0
468,Aflibercept,10.5547,8.0,3.5
469,Bevacizumab,8.7399,8.0,3.5
470,Bevacizumab,4.0083,1.0,1.0
471,Bevacizumab,8.0679,8.0,3.5
472,Ranibizumab,4.5247,1.0,1.0
473,Bevacizumab,6.0404,1.0,1.0
474,Bevacizumab,8.511,8.0,3.5
475,Ranibizumab,15.6386,8.0,3.5
476,Ranibizumab,8.739,8.0,3.5
477,Aflibercept,4.6544,1.0,1.0
478,Aflibercept,6.056,1.0,1.0
479,Bevacizumab,8.2114,8.0,3.5
480,Ranibizumab,10.615,8.0,3.5
481,Bevacizumab,6.6708,1.0,1.0
482,Ranibizumab,13.7004,8.0,3.5
483,Bevacizumab,21.5429,8.0,3.5
484,Bevacizumab,8.4435,1.0,1.0
485,Aflibercept,3.9658,1.0,1.0
486,Aflibercept,13.298,8.0,3.5
487,Ranibizumab,15.6001,8.0,3.5
488,Bevacizumab,9.9578,8.0,3.5
489,Ranibizumab,7.0951,8.0,3.5
490,Bevacizumab,9.4123,8.0,3.5
491,Aflibercept,9.4544,8.0,3.5
492,Ranibizumab,8.773,1.0,1.0
493,Bevacizumab,10.3369,8.0,3.5
494,Bevacizumab,3.8527,1.0,1.0
495,Ranibizumab,8.194,8.0,3.5
496,Ranibizumab,6.2545,1.0,1.0
497,Ranibizumab,10.6888,1.0,1.0
498,Aflibercept,8.925,8.0,3.5
499,Bevacizumab,13.3396,8.0,3.5
500,Aflibercept,14.0983,8.0,3.5
501,Aflibercept,4.0249,1.0,1.0
502,Ranibizumab,7.7402,8.0,3.5
503,Aflibercept,4.7831,1.0,1.0
504,Aflibercept,4.0669,1.0,1.0
505,Aflibercept,9.7535,8.0,3.5
506,Aflibercept,10.7554,8.0,3.5
507,Aflibercept,9.0565,8.0,3.5
508,Aflibercept,9.1575,1.0,1.0
509,Bevacizumab,5.955,1.0,1.0
510,Aflibercept,7.1836,1.0,1.0
511,Bevacizumab,8.6697,8.0,3.5
512,Ranibizumab,3.7673,1.0,1.0
513,Aflibercept,4.2524,1.0,1.0
514,Ranibizumab,6.4825,1.0,1.0
515,Bevacizumab,13.1371,8.0,3.5
516,Ranibizumab,10.2694,8.0,3.5
517,Ranibizumab,14.6711,8.0,3.5
518,Bevacizumab,4.4666,1.0,1.0
519,Ranibizumab,4.8547,1.0,1.0
520,Aflibercept,10.3244,8.0,3.5
521,Aflibercept,9.8232,8.0,3.5
522,Ranibizumab,14.9299,8.0,3.5
523,Ranibizumab,8.0375,8.0,3.5
524,Bevacizumab,8.9948,8.0,3.5
525,Aflibercept,6.969,1.0,1.0
526,Ranibizumab,8.7971,8.0,3.5
527,Ranibizumab,5.5843,1.0,1.0
528,Bevacizumab,12.2026,8.0,3.5
529,Bevacizumab,4.7527,1.0,1.0
530,Aflibercept,4.9816,1.0,1.0
531,Bevacizumab,14.0013,8.0,3.5
532,Bevacizumab,18.3131,8.0,3.5
533,Ranibizumab,10.5556,8.0,3.5
534,Bevacizumab,4.6097,1.0,1.0
535,Bevacizumab,6.4141,1.0,1.0
536,Bevacizumab,20.5275,8.0,3.5
537,Bevacizumab,7.4684,8.0,3.5
538,Ranibizumab,4.3816,1.0,1.0
539,Aflibercept,7.3539,8.0,3.5
540,Ranibizumab,18.5872,8.0,3.5
541,Ranibizumab,3.4951,1.0,1.0
542,Bevacizumab,8.3241,8.0,3.5
543,Bevacizumab,8.8244,8.0,3.5
544,Ranibizumab,7.5962,8.0,3.5
545,Aflibercept,7.4679,8.0,3.5
546,Bevacizumab,6.0994,1.0,1.0
547,Ranibizumab,7.5976,1.0,1.0
548,Bevacizumab,4.6401,1.0,1.0
549,Aflibercept,4.9548,1.0,1.0
550,Aflibercept,14.7551,8.0,3.5
551,Bevacizumab,13.0508,8.0,3.5
552,Ranibizumab,6.8563,1.0,1.0
553,Ranibizumab,6.094,8.0,3.5
554,Bevacizumab,6.2956,1.0,1.0
555,Aflibercept,8.955,8.0,3.5
556,Bevacizumab,4.6821,1.0,1.0
557,Bevacizumab,8.5982,8.0,3.5
558,Aflibercept,9.5545,8.0,3.5
559,Ranibizumab,6.7959,8.0,3.5
560,Ranibizumab,18.0296,8.0,3.5
561,Aflibercept,7.9982,1.0,1.0
562,Bevacizumab,14.5977,8.0,3.5
563,Aflibercept,10.3696,8.0,3.5
564,Bevacizumab,4.2243,1.0,1.0
565,Ranibizumab,8.6599,1.0,1.0
566,Aflibercept,11.8951,8.0,3.5
567,Aflibercept,7.0539,1.0,1.0
568,Ranibizumab,11.0536,8.0,3.5
569,Aflibercept,6.453,1.0,1.0
570,Ranibizumab,4.7813,1.0,1.0
571,Ranibizumab,9.5527,8.0,3.5
572,Ranibizumab,15.7852,8.0,3.5
573,Bevacizumab,9.0806,8.0,3.5
574,Bevacizumab,6.4566,1.0,1.0
575,Bevacizumab,6.398,1.0,1.0
576,Ranibizumab,11.5392,8.0,3.5
577,Ranibizumab,6.512,1.0,1.0
578,Bevacizumab,16.0253,8.0,3.5
579,Aflibercept,4.0807,1.0,1.0
580,Aflibercept,5.5374,1.0,1.0
581,Aflibercept,5.5123,1.0,1.0
582,Bevacizumab,17.4842,8.0,3.5
583,Ranibizumab,10.3119,8.0,3.5
584,Ranibizumab,4.2672,1.0,1.0
585,Aflibercept,10.8247,8.0,3.5
586,Aflibercept,7.653,8.0,3.5
587,Ranibizumab,6.4512,8.0,3.5
588,Ranibizumab,8.2401,8.0,3.5
589,Bevacizumab,5.8977,1.0,1.0
590,Bevacizumab,16.0544,8.0,3.5
591,Bevacizumab,8.359,1.0,1.0
592,Bevacizumab,9.5952,8.0,3.5
593,Aflibercept,3.9238,1.0,1.0
594,Aflibercept,11.5825,8.0,3.5
595,Ranibizumab,6.9542,1.0,1.0
596,Ranibizumab,3.3082,1.0,1.0
597,Aflibercept,5.7265,1.0,1.0
598,Bevacizumab,8.4542,8.0,3.5
599,Aflibercept,7.9222,8.0,3.5
600,Ranibizumab,5.2825,1.0,1.0
601,Aflibercept,6.1521,8.0,3.5
602,Ranibizumab,10.1813,8.0,3.5
603,Bevacizumab,4.0799,1.0,1.0
604,Aflibercept,10.5261,8.0,3.5
605,Aflibercept,12.487,8.0,3.5
606,Ranibizumab,10.2828,8.0,3.5
607,Aflibercept,2.4359,1.0,1.0
608,Aflibercept,6.1691,1.0,1.0
609,Ranibizumab,14.7824,8.0,3.5
610,Aflibercept,7.3231,8.0,3.5
611,Aflibercept,14.0836,8.0,3.5
612,Bevacizumab,7.0986,1.0,1.0
613,Bevacizumab,8.4815,8.0,3.5
614,Ranibizumab,6.5371,8.0,3.5
615,Ranibizumab,3.808,1.0,1.0
616,Ranibizumab,3.9815,1.0,1.0
617,Ranibizumab,12.6819,8.0,3.5
618,Ranibizumab,4.1098,1.0,1.0
619,Bevacizumab,11.4529,8.0,3.5
620,Aflibercept,9.2693,8.0,3.5
621,Ranibizumab,7.3553,1.0,1.0
622,Ranibizumab,10.1827,8.0,3.5
623,Bevacizumab,7.8985,1.0,1.0
624,Aflibercept,9.9958,8.0,3.5
625,Ranibizumab,7.3951,8.0,3.5
626,Bevacizumab,5.0532,1.0,1.0
627,Aflibercept,3.7673,1.0,1.0
628,Bevacizumab,13.0794,8.0,3.5
629,Ranibizumab,3.4669,1.0,1.0
630,Ranibizumab,9.0712,1.0,1.0
631,Aflibercept,5.7699,1.0,1.0
632,Bevacizumab,6.1977,1.0,1.0
633,Ranibizumab,4.6387,1.0,1.0
634,Ranibizumab,8.2003,1.0,1.0
635,Bevacizumab,3.766,1.0,1.0
636,Ranibizumab,3.8804,1.0,1.0
637,Aflibercept,9.0126,8.0,3.5
638,Aflibercept,11.4971,8.0,3.5
639,Bevacizumab,10.5095,8.0,3.5
640,Bevacizumab,6.5983,1.0,1.0
641,Ranibizumab,5.6956,1.0,1.0
642,Bevacizumab,6.7812,8.0,3.5
643,Aflibercept,16.5806,8.0,3.5
644,Aflibercept,6.4687,1.0,1.0
645,Ranibizumab,9.3547,8.0,3.5
646,Aflibercept,10.201,8.0,3.5
647,Aflibercept,12.1959,8.0,3.5
648,Ranibizumab,12.7673,8.0,3.5
649,Bevacizumab,11.2436,8.0,3.5
650,Ranibizumab,8.1989,1.0,1.0
651,Bevacizumab,17.2968,8.0,3.5
652,Bevacizumab,3.0229,1.0,1.0
653,Aflibercept,7.0521,8.0,3.5
654,Bevacizumab,5.2803,1.0,1.0
655,Ranibizumab,5.1395,1.0,1.0
656,Ranibizumab,3.8098,1.0,1.0
657,Aflibercept,10.987,8.0,3.5
658,Ranibizumab,9.6086,8.0,3.5
659,Ranibizumab,11.4658,8.0,3.5
660,Ranibizumab,6.1119,1.0,1.0
